0,1,2,3
1.8175779e-09,1.8566756e-06,0.9999942,4.0308487e-06
0.044748787,0.11024531,2.2443774e-05,0.84498346
0.2088574,0.11170156,7.682727e-06,0.67943335
0.9988075,0.0011922095,4.956643e-08,4.2479363e-07
0.00012815345,0.91506654,0.08379068,0.0010145452
4.1650233e-05,5.4451502e-05,5.546197e-10,0.9999039
0.99998295,1.69018e-05,1.1541884e-09,1.0661732e-07
0.99838763,0.0016121329,5.9853877e-09,1.4457618e-07
4.978796e-08,2.1627145e-06,1.1286896e-06,0.9999966
6.6041544e-08,5.079425e-06,0.9997397,0.00025513204
6.0171863e-09,1.0670793e-09,5.143327e-13,1.0
0.95254046,0.04743348,2.3816065e-05,2.1184921e-06
0.99995744,4.235154e-05,2.3540998e-09,1.6351582e-07
0.99942636,0.0005728907,2.1461782e-08,8.231102e-07
4.205738e-06,0.06138735,9.108002e-05,0.9385174
5.454677e-05,0.99871826,0.00043070104,0.0007964825
0.9103608,0.0016647236,3.8938526e-07,0.08797406
1.554209e-09,5.1582566e-07,0.99998474,1.4785588e-05
1.077912e-07,4.629218e-07,0.99961543,0.00038395546
0.9965738,0.0033594845,1.5810712e-05,5.088456e-05
9.9267445e-06,0.9923256,0.00607074,0.0015937294
0.9990649,0.00093467627,1.0989595e-08,4.480857e-07
1.350813e-08,0.94582576,0.049172245,0.005002024
0.99903286,0.0009540173,1.5210927e-09,1.3139417e-05
1.8761175e-06,0.9998632,5.0322897e-06,0.00012984996
0.99984103,0.00015845784,5.321324e-08,4.2550158e-07
0.98051226,0.015743433,1.0960479e-06,0.0037432308
0.98882025,0.010346733,1.8786377e-05,0.00081423525
1.4155997e-15,6.1658936e-18,3.990599e-23,1.0
2.8506024e-09,3.08513e-09,1.4256988e-11,1.0
0.014389127,0.7823628,9.919349e-05,0.20314895
3.3110234e-07,3.9554286e-07,0.99986595,0.00013331648
0.37954226,0.62020963,2.8526752e-05,0.00021948895
3.2871245e-05,0.9994664,0.00046051107,4.0145314e-05
4.839122e-10,1.1896669e-08,0.99999,1.0013067e-05
0.79449594,0.20542511,1.9653267e-05,5.921047e-05
0.0014964743,0.9850782,2.8670649e-05,0.013396589
0.9784552,0.021512711,1.0979593e-06,3.113636e-05
2.6665475e-07,0.00020683679,1.9048664e-06,0.999791
0.0018340624,0.027388562,2.7265078e-05,0.9707501
5.4041227e-08,0.027972791,0.8856053,0.086421885
6.8163863e-06,0.9993513,0.0005884636,5.3385735e-05
2.918553e-09,2.2516855e-09,0.999999,1.1242248e-06
2.7601232e-07,0.9999923,2.9850862e-06,4.3857513e-06
4.358221e-06,0.0133037055,0.98429227,0.002399669
1.2728006e-09,1.6695076e-05,0.9991906,0.0007926335
0.0057758167,7.61684e-05,3.397464e-09,0.994148
2.3645087e-05,9.152864e-05,0.9974628,0.0024220985
0.013409423,0.10698418,1.3664643e-05,0.8795927
7.3149444e-08,0.00082802394,0.9977997,0.0013720931
7.941416e-12,1.8503615e-08,0.99999315,6.731231e-06
0.005818131,0.99406683,1.7499644e-05,9.747113e-05
0.0013036313,0.9984661,4.181991e-05,0.00018841811
3.5044019e-09,3.2798486e-08,0.9999317,6.8308036e-05
2.3110567e-09,9.346177e-09,0.9999844,1.5548645e-05
0.99958277,0.0004157618,1.00398694e-07,1.3612181e-06
2.5666298e-09,3.6794027e-06,3.602977e-07,0.999996
0.9987602,0.0012390813,1.57743e-08,7.0038834e-07
0.6842959,0.31561625,1.5454638e-05,7.242411e-05
4.4145017e-09,7.977671e-08,0.99991494,8.4867024e-05
0.008781149,0.9912068,3.7884054e-06,8.219552e-06
0.9948797,0.0051181028,5.2318427e-07,1.6486188e-06
2.1707136e-13,1.5181509e-09,0.9999982,1.7404633e-06
0.099127874,0.00045317117,6.84401e-08,0.90041894
0.99996185,3.792532e-05,2.1365831e-09,2.024963e-07
0.9295173,0.07047941,2.3641026e-07,3.1154134e-06
0.88069135,0.119304836,1.916711e-06,1.9484328e-06
0.95519465,0.044432815,7.6151025e-07,0.00037178674
0.9999921,7.940547e-06,9.586534e-10,1.8128322e-08
0.00060969737,0.9945893,4.027097e-05,0.0047607315
0.9980842,0.0019157636,3.730077e-08,1.0969058e-07
0.9996493,0.0003439359,4.1661174e-08,6.8015615e-06
0.99823695,0.0017593034,9.881482e-08,3.5056207e-06
0.9991015,0.0008563116,5.3795924e-07,4.1635067e-05
1.1654964e-05,2.2431352e-06,1.4997413e-11,0.99998605
2.4667557e-07,7.6435594e-05,0.00091555534,0.99900776
0.99760556,0.002353335,1.7941512e-07,4.0876173e-05
1.6212184e-06,0.9999291,3.6384426e-05,3.29167e-05
0.0003253689,0.99030006,0.0041588773,0.0052157044
0.3081188,0.5110596,0.001090973,0.1797306
0.9926718,0.006858841,4.095513e-06,0.0004651638
0.11717794,0.87591016,1.5380312e-05,0.0068965387
0.77303624,0.22672373,2.0295258e-05,0.00021976566
5.0967363e-05,0.9968963,0.0014907331,0.0015619338
0.58954644,0.10347276,1.2225369e-05,0.3069685
0.06764198,0.9128828,8.0311336e-05,0.019394862
0.3909567,0.60856587,0.00029417264,0.000183325
0.7056119,0.29395807,2.3400635e-05,0.00040658083
2.6096518e-06,0.15269195,0.8467153,0.0005902282
0.87489676,0.05342855,6.6488436e-05,0.07160815
0.0006829967,0.99207324,0.00025766896,0.0069860565
1.1341942e-09,6.9244575e-09,0.99990946,9.053781e-05
0.023510177,0.97648114,7.828273e-06,7.6081267e-07
1.1385199e-06,0.00040667487,0.95294195,0.046650212
3.7125663e-12,9.315188e-14,1.5504966e-16,1.0
2.0469158e-06,2.7906312e-06,0.99981487,0.00018024286
0.8028286,0.19697922,1.0166959e-05,0.000181978
0.99972737,0.00026722517,2.8590494e-08,5.49032e-06
0.9958691,0.0041180938,1.0388303e-06,1.1716592e-05
4.468916e-09,3.0988726e-08,0.9999969,3.0107317e-06
0.005588109,0.005939637,2.720482e-05,0.988445
0.03269152,0.5295133,0.00013717203,0.43765807
0.41791385,0.58017534,0.00014512855,0.0017657074
1.3937045e-06,4.4802014e-06,2.4709193e-08,0.999994
2.8538804e-07,7.140476e-09,2.2980324e-13,0.9999997
0.00028271074,0.99971133,4.919009e-06,1.0054725e-06
4.919149e-08,9.671232e-07,0.99900645,0.0009926215
0.9988676,0.0011253675,1.6000149e-07,6.854887e-06
0.9996458,0.00035007484,8.207485e-07,3.3031622e-06
0.70459193,0.29537255,1.6532445e-06,3.3751785e-05
0.9956214,0.00433152,6.184544e-07,4.65383e-05
0.0023112677,0.99527514,0.0014801164,0.0009334852
0.029657403,0.96985584,0.00032423646,0.00016258261
0.99940807,0.0005916726,5.57121e-09,3.4806678e-07
2.547015e-06,0.99992734,4.985703e-05,2.0221687e-05
0.0005673103,0.99873585,1.3353616e-05,0.00068356853
2.4647426e-09,4.4183386e-07,7.385722e-06,0.99999213
0.10068216,0.8992651,1.1777726e-05,4.0804272e-05
0.9997284,0.00026752427,3.1501415e-08,4.134509e-06
5.7518935e-07,0.97212297,0.025938824,0.0019375829
6.945529e-07,0.9993587,0.00041237724,0.00022831273
4.2906508e-05,4.2644042e-05,8.8287555e-09,0.9999144
6.8062072e-06,0.34655166,0.65307844,0.0003630959
0.99298227,0.005722854,4.714576e-06,0.0012901775
4.284326e-08,1.1368998e-08,4.5055765e-11,1.0
0.24835959,0.7516282,9.838182e-06,2.3768766e-06
0.9947606,0.0051302803,2.455168e-06,0.0001066124
8.372424e-06,0.00017910766,0.00013713671,0.99967533
0.9950854,0.0016462827,4.0737936e-07,0.0032679394
6.866052e-07,7.004358e-05,0.0011971777,0.9987321
0.997663,0.0023248498,1.4444747e-07,1.2025563e-05
0.9743,0.02552881,1.761862e-05,0.00015348861
1.969259e-09,7.1297095e-06,7.129171e-08,0.99999267
0.99985147,0.00014792068,2.7680693e-08,5.858732e-07
0.0001152224,0.9972123,0.0005143027,0.002158202
3.5427872e-11,9.658917e-11,4.032342e-13,1.0
0.92922103,0.025188586,1.61349e-05,0.045574155
9.9943834e-05,0.9990699,0.00074550405,8.4540836e-05
0.0007799874,0.9981804,0.0005558976,0.00048374155
2.5906377e-08,1.0924219e-09,6.391625e-14,1.0
0.0011326104,2.7794308e-06,0.99886113,3.3971128e-06
0.9999366,6.3041414e-05,1.4777819e-09,3.7316798e-07
0.12535264,0.8746361,5.7878724e-06,5.3998006e-06
9.772093e-07,2.8957625e-06,9.507174e-11,0.9999962
0.6561677,0.343253,0.00023921583,0.00034011036
0.999864,0.0001355544,2.1757678e-08,4.5240358e-07
0.0023218666,0.00045682388,9.819982e-09,0.99722123
5.361053e-05,0.99989885,4.1948246e-05,5.462009e-06
4.9646642e-09,2.1933678e-08,6.4557555e-13,1.0
3.4572865e-06,0.9840265,0.015220341,0.000749651
0.99997914,1.7062748e-05,5.168934e-10,3.792436e-06
0.9991247,0.00074351457,1.6619373e-06,0.00013006275
2.803023e-08,0.9517896,0.0038430053,0.044367384
0.0020812778,0.99788547,2.2575816e-05,1.0755954e-05
4.359058e-05,0.9998968,4.302435e-05,1.6519625e-05
0.14230482,0.85764074,2.228341e-05,3.2200063e-05
0.0021012195,0.3619758,0.61832416,0.017598808
6.3487164e-07,3.0140052e-07,3.5487355e-09,0.99999905
4.568197e-07,4.1257884e-08,1.2346987e-11,0.9999995
0.99960613,0.0003842045,8.131166e-09,9.7722295e-06
1.2910271e-05,0.0071011554,0.00022450807,0.9926615
0.015981661,0.9728372,0.009650181,0.0015309163
0.00890746,0.9910803,5.1158872e-06,7.1397453e-06
0.9972115,0.0027854876,7.5726966e-08,2.927383e-06
3.1942582e-06,0.49738088,0.50093263,0.0016832863
0.00023994881,0.007532115,0.41804418,0.5741838
1.4153429e-08,0.00024521773,0.97336626,0.026388444
0.0011292307,0.0048255604,3.7737277e-07,0.99404484
3.8592748e-07,0.0117150955,0.0012080818,0.98707646
0.00020875386,0.99946153,0.00023872517,9.0949055e-05
0.9941589,0.005807626,1.5920588e-07,3.3314755e-05
5.3521227e-09,3.3625454e-07,0.99983394,0.00016572936
0.9822524,0.017623706,4.536392e-07,0.00012334474
3.5601364e-10,4.9364783e-09,0.9999013,9.868511e-05
4.2198559e-10,2.093688e-09,3.635065e-14,1.0
0.90081847,0.09689672,0.000119683056,0.0021651092
6.2055886e-05,0.0027694583,1.9382007e-06,0.9971666
8.4313365e-09,0.00090529403,6.598816e-06,0.99908817
0.06436378,0.93325186,0.0006763299,0.0017080668
0.0012717064,0.9878068,0.009547947,0.0013736447
0.99994725,5.2603547e-05,1.5842927e-08,2.1996598e-07
0.81456876,0.0137351835,3.1819214e-05,0.17166416
4.4986814e-07,0.99967384,0.0002915548,3.419112e-05
0.9999029,9.044962e-05,5.217559e-10,6.752172e-06
1.544428e-05,0.9999165,2.5251426e-05,4.2958625e-05
0.99990386,9.613998e-05,4.5504387e-09,8.311933e-09
1.8790235e-08,4.976316e-09,7.2217796e-13,1.0
6.2027124e-07,0.99998945,9.015865e-06,9.2923557e-07
1.4097536e-06,8.179994e-07,4.7939466e-08,0.99999774
0.99999833,1.4461748e-06,1.2275468e-10,2.1558824e-07
1.4232876e-05,0.9992795,0.000252019,0.00045420023
0.19290677,0.8067588,5.1129384e-05,0.00028322884
0.00010931564,0.99954367,7.040435e-05,0.00027667737
8.558356e-05,6.0517337e-05,3.3393555e-08,0.9998539
0.00036891302,6.122179e-06,1.1261252e-10,0.99962497
0.001771464,0.9972691,0.00010301956,0.0008564553
1.4131302e-07,0.0004327372,0.024676463,0.97489065
1.1883441e-09,5.170811e-07,0.9998709,0.00012854244
0.99980223,0.0001872291,1.2320723e-07,1.0325538e-05
4.3328177e-13,7.6934113e-13,6.418086e-14,1.0
5.1508408e-08,4.3583373e-06,0.9765105,0.02348509
0.99548316,0.004514748,1.237678e-07,2.029031e-06
0.9403379,0.05945529,5.839432e-05,0.00014847727
0.0006300611,0.9993413,1.3339054e-05,1.5292237e-05
9.391077e-10,1.3995982e-08,0.99860084,0.00139922
0.27046898,0.5453234,0.0003909004,0.18381676
0.09732564,0.8999562,0.000677817,0.0020403576
0.0036838073,0.286845,3.295974e-05,0.7094382
5.1130723e-06,0.13246799,0.0005837987,0.8669432
0.46368223,0.5362447,5.215856e-05,2.0889613e-05
0.00029140856,0.9976077,4.9761074e-05,0.0020510254
0.95521003,0.04472465,2.9608975e-05,3.5685214e-05
0.00011174386,0.99986744,7.2811886e-06,1.34183765e-05
0.0017772707,0.9981364,5.507177e-05,3.112644e-05
0.02064532,0.5327266,0.0046550464,0.44197306
3.5894195e-07,1.2979411e-06,2.9902203e-10,0.99999833
0.6179641,0.3696893,9.898465e-05,0.012247564
0.8846019,0.11444003,0.00020274433,0.0007551725
6.378419e-08,4.571287e-05,0.93886435,0.061089855
6.973172e-07,0.048091132,0.2984577,0.6534505
7.446365e-05,6.6481705e-05,4.447912e-09,0.99985904
0.999957,4.273263e-05,2.590493e-09,2.1094532e-07
0.9998482,0.00015146089,1.1917762e-09,4.0832066e-07
3.241104e-09,3.2755054e-07,4.8053714e-08,0.99999964
7.540849e-10,8.736454e-09,2.495595e-09,1.0
4.1147727e-05,0.99940425,0.0005069817,4.7600635e-05
0.9998745,0.00012551951,7.736233e-09,4.339329e-08
1.1281278e-08,3.7646423e-06,3.9434336e-10,0.9999962
8.005807e-05,0.9997882,0.00012224034,9.477778e-06
1.6134588e-11,7.629012e-10,7.412228e-09,1.0
3.7674724e-08,3.3952224e-07,6.5128564e-10,0.99999964
0.99931914,0.0006806224,7.4139956e-09,1.6604045e-07
0.00037178266,0.99961615,9.9038425e-06,2.297635e-06
1.504405e-08,1.0088348e-05,0.74836963,0.2516202
0.9278465,0.06702849,2.2758219e-05,0.005102281
1.9765091e-10,5.28575e-07,2.8279608e-05,0.9999713
0.00050554,0.99946934,2.339702e-05,1.7866154e-06
0.0011220261,0.9982015,0.00065713166,1.9243973e-05
4.9279363e-09,1.6157551e-07,0.9998891,0.00011075272
0.5131256,0.07166026,0.0005215849,0.41469258
7.417132e-10,2.2598747e-06,2.5423807e-07,0.9999975
5.0863814e-06,0.00062693836,6.219716e-06,0.99936175
0.99988216,0.000117564225,4.5893835e-09,3.7573625e-07
1.2324712e-10,3.6404675e-08,0.9999466,5.3368178e-05
9.489194e-09,2.4576872e-07,0.99958676,0.00041303242
0.9823707,0.017619422,1.0548397e-07,9.872911e-06
0.99892473,0.0010674791,2.6366e-07,7.6035467e-06
7.119995e-07,0.99997014,2.6679024e-06,2.6496273e-05
6.253784e-12,1.9861772e-09,0.99998254,1.7528891e-05
3.7173333e-09,1.1715775e-07,0.9999282,7.175339e-05
2.0966963e-06,0.7661315,0.22005445,0.01381202
0.020922218,0.00064557,2.2671006e-07,0.97843194
2.7041833e-07,3.7255208e-07,3.6833255e-11,0.99999946
0.030277535,0.024882888,0.0006067979,0.9442327
0.99923104,0.00076876016,1.3868193e-08,1.8735902e-07
0.9761654,0.023828132,7.691418e-07,5.6541794e-06
6.045358e-13,3.069723e-12,1.7321371e-12,1.0
0.4846488,0.45618132,0.0019518299,0.057218008
0.00022320579,7.516429e-05,5.134633e-09,0.9997015
0.04155771,0.9570816,4.836361e-05,0.0013122782
0.9626524,0.037285537,2.8546889e-05,3.34314e-05
0.023925874,0.9760704,2.6539353e-06,1.166808e-06
2.8868459e-09,4.1694344e-07,2.7817335e-09,0.99999964
4.378212e-06,1.7711884e-07,1.7781535e-10,0.9999955
0.00010454454,0.974011,0.0066777724,0.019206714
0.00283361,0.0008988514,9.151214e-07,0.9962666
0.0053008394,0.67519754,0.00011808381,0.31938365
4.553009e-05,5.902678e-05,1.2027036e-06,0.9998943
0.9973021,0.0026609923,1.3545359e-06,3.5589335e-05
0.99978,0.00021998833,2.9889975e-08,6.2725995e-08
0.00024265876,0.0015227977,5.5876313e-07,0.9982339
1.5438993e-05,0.9992032,0.00017143071,0.00060988724
2.4726415e-07,2.1378654e-07,0.99882543,0.0011740366
0.9976466,0.0022485852,5.801254e-07,0.00010434911
0.66712105,0.026644485,2.3462242e-05,0.30621096
6.7948798e-09,9.0150987e-10,0.99999654,3.4768243e-06
0.95427954,0.04559648,1.6522578e-06,0.0001223775
0.9893117,0.0100996215,8.6305477e-07,0.0005879366
0.99965924,0.00034039753,6.530339e-08,3.0112844e-07
8.220539e-08,3.581629e-08,6.3849756e-13,0.99999994
7.033144e-08,6.386159e-05,6.476468e-08,0.99993604
4.456848e-06,5.407698e-09,1.9265766e-11,0.9999956
7.59795e-06,0.0003247591,0.001801243,0.99786645
7.5552016e-05,0.9973428,0.001297391,0.001284332
0.9431422,0.056748893,6.06937e-06,0.00010287574
0.9797533,0.0025071292,1.4699192e-07,0.017739398
0.93427354,0.06280074,0.0027208389,0.00020478257
0.0032097984,0.0051630773,9.942728e-06,0.99161726
0.00010174655,0.99963194,0.000257161,9.138957e-06
3.846661e-05,2.6623718e-06,1.7712873e-08,0.9999588
0.000791042,0.9944706,0.0038458032,0.0008925474
2.0834224e-07,7.536055e-08,5.6627042e-12,0.99999964
2.4437226e-05,0.9996783,7.698727e-05,0.00022023793
0.99719465,0.002754647,9.787922e-07,4.978148e-05
0.9978219,0.0021732538,5.458231e-07,4.1905564e-06
0.915341,0.0840481,0.00041403648,0.00019692979
2.722738e-12,8.925438e-12,0.9999997,1.9441424e-07
0.4132412,0.583263,0.00044446115,0.0030513373
0.0012387971,0.99127454,8.60261e-05,0.007400664
0.0070757745,0.99270856,1.3068522e-05,0.00020256496
0.999707,0.00028875005,7.5236464e-08,4.1270873e-06
4.1085415e-05,0.00013992273,2.4645418e-08,0.99981886
1.942868e-06,1.1912844e-05,0.9976125,0.0023736907
9.427338e-12,4.5840296e-09,0.9999827,1.7329448e-05
0.00058786967,0.9993785,8.600284e-06,2.4986937e-05
0.0016531904,0.9967182,5.040582e-05,0.0015781661
0.8325474,0.16741149,1.8675055e-05,2.2479997e-05
2.7868811e-08,8.406387e-08,0.9993113,0.0006886427
0.99130386,0.008689517,9.097464e-07,5.7978e-06
4.59662e-07,7.782679e-08,2.450664e-10,0.99999946
0.65877485,0.34121013,1.9298031e-06,1.30693825e-05
1.1745495e-06,2.4676463e-06,6.1159313e-09,0.99999624
9.3823005e-11,1.32291e-09,3.8896824e-12,1.0
0.00037198092,0.9996055,2.1449663e-05,1.0324272e-06
7.020863e-07,0.9984193,0.0015283206,5.163094e-05
0.076756194,0.0016497584,4.80208e-07,0.9215935
0.033722315,0.92658937,0.0007001607,0.038988102
0.999891,0.00010815795,3.810325e-09,7.577208e-07
0.2132671,0.7867193,4.0464324e-06,9.481105e-06
0.00037011786,0.9996116,1.6302783e-05,1.920735e-06
0.94694215,0.051304866,4.5011348e-06,0.0017483655
0.00074907887,5.9565264e-06,6.541886e-11,0.999245
0.99851954,0.0014661714,3.9836542e-07,1.392285e-05
8.38371e-09,6.2017778e-09,0.9999964,3.5150679e-06
0.008113092,0.98686427,0.004316108,0.0007065379
5.7753396e-06,0.811434,0.028360885,0.16019927
9.475535e-10,1.1176511e-07,1.9234082e-07,0.99999964
0.99808913,0.0018877693,7.574467e-06,1.5423497e-05
0.99989253,0.00010658047,2.7117718e-08,9.480457e-07
3.7012085e-06,0.99981976,0.000103653336,7.2790266e-05
1.8947138e-07,2.6941967e-08,3.7168033e-12,0.9999997
0.026229154,0.040391754,3.6855852e-07,0.9333787
0.2993156,0.69708544,0.0024831933,0.0011157534
0.98020136,0.009149413,1.5744146e-05,0.010633377
0.9914034,0.008588007,1.5451918e-06,7.075041e-06
2.2643196e-07,2.1409093e-07,7.8184237e-10,0.9999995
0.12664765,9.270988e-05,8.673037e-08,0.87325954
0.00043254724,0.00862604,1.5015892e-05,0.9909263
8.027481e-07,4.4804106e-06,0.5569621,0.44303268
0.004615892,0.005470752,0.0008496105,0.98906374
0.0003957774,0.07267225,0.0066602067,0.92027175
0.9999391,6.0833794e-05,9.151199e-10,3.7737152e-08
0.7105184,0.2894198,9.977275e-06,5.1734547e-05
0.9999171,8.179613e-05,8.380704e-09,1.0311275e-06
1.6599255e-08,9.099459e-07,5.296384e-08,0.999999
0.10275316,0.8972031,9.535711e-06,3.4113735e-05
1.0351874e-07,0.99194413,0.0024058397,0.005649959
5.951407e-09,0.9946233,9.744985e-05,0.0052792444
0.20228273,0.79762924,2.4030618e-05,6.385629e-05
1.199028e-05,0.00013201119,1.5101058e-06,0.99985445
2.5277263e-08,1.4058904e-07,0.9962256,0.0037742716
0.99979484,0.00020471736,5.6841312e-08,3.4675838e-07
7.643056e-09,1.5179634e-08,2.7373626e-10,1.0
8.949577e-06,0.971763,0.00852508,0.019702936
1.0340068e-06,0.18915096,0.6500882,0.16075982
0.84959954,0.15038784,9.628733e-07,1.1629948e-05
0.9975969,0.0024014078,7.467746e-08,1.5613022e-06
0.83647287,0.002946453,1.740205e-07,0.16058049
1.3959045e-06,0.2224494,0.18003166,0.5975176
7.112582e-06,0.9991979,0.000497357,0.00029768195
4.899264e-05,0.9226533,0.07485139,0.0024462692
8.2577944e-09,2.0305093e-05,0.9606884,0.03929126
0.0008227101,0.9923207,0.0064683547,0.00038825397
1.787257e-07,0.94705516,0.049814023,0.0031306762
9.725798e-06,6.585363e-06,5.603061e-10,0.9999836
0.9982932,0.0017056803,1.2331938e-07,9.727722e-07
0.7863487,0.21343647,0.00017615822,3.8685575e-05
0.99930316,0.0006967051,1.3453363e-08,8.397093e-08
0.00021384213,0.13549924,0.080031015,0.78425586
0.0934498,0.4941671,0.0001560695,0.4122271
0.0022522798,0.972057,0.004748713,0.020941976
0.7894984,0.21044163,2.8040033e-05,3.191492e-05
0.88541,0.11413065,9.535333e-05,0.00036399142
0.0003562554,0.999521,2.2258646e-05,0.00010045871
2.2694388e-11,2.3577993e-08,6.808947e-08,0.99999994
3.109043e-05,0.9915161,0.00010413775,0.008348725
9.928331e-07,9.465312e-06,2.8152364e-10,0.9999896
6.2360726e-08,6.0994823e-09,2.831047e-13,0.99999994
4.0894062e-07,2.3821099e-06,1.4231694e-11,0.9999973
6.8075046e-12,4.4196073e-09,0.99999785,2.1269682e-06
0.005170202,0.79048467,0.16437873,0.039966404
0.9993159,0.0006839457,2.5949154e-08,2.614491e-07
2.7827555e-05,0.96962935,0.024214003,0.0061287805
2.3423339e-09,2.6164065e-07,0.9994498,0.00054993073
6.329787e-11,2.8236892e-07,0.9999916,8.137089e-06
0.71578085,0.28402385,0.00011859697,7.659759e-05
0.0001485621,1.9730378e-05,7.481667e-10,0.99983174
0.9994866,0.0005131939,1.765974e-08,2.4891844e-07
1.0022095e-07,0.00034833193,0.9961375,0.003514083
7.45729e-10,3.1586623e-07,0.99999297,6.74036e-06
0.118683696,0.88102216,0.0002740487,2.0114689e-05
0.99506,0.004867301,6.2984236e-06,6.636243e-05
0.00022220185,0.9930761,0.0018482093,0.0048534526
0.04826636,0.9471588,1.3271562e-05,0.004561643
0.20463395,0.7952659,1.8240064e-05,8.184115e-05
8.792034e-06,0.003274141,3.4343346e-05,0.9966827
0.99993575,6.4151536e-05,3.122713e-08,1.4510495e-07
0.00027217757,2.1396583e-05,1.5711259e-10,0.99970627
3.4239465e-06,0.00010841932,0.99972713,0.00016092327
0.9526012,0.0473881,1.1314507e-06,9.52346e-06
0.99972135,0.00026975444,8.373902e-08,8.7669405e-06
3.1586656e-05,0.98147726,0.0074373563,0.011053957
1.0379781e-05,6.821858e-07,1.773044e-09,0.99998885
2.2162008e-06,2.2617137e-06,0.99978447,0.00021096876
0.76714104,0.2313362,3.5564808e-05,0.0014871137
0.99997467,2.5344285e-05,2.1140247e-09,4.6104777e-08
0.9997856,0.0002093755,8.8515556e-08,4.9526748e-06
1.1494623e-10,1.6928655e-11,5.1542027e-15,1.0
4.8933833e-13,7.29385e-12,2.3282315e-13,1.0
0.99944144,0.0005521302,5.853222e-08,6.3885614e-06
9.7396835e-08,5.3336167e-09,2.6092347e-11,0.99999994
3.5003005e-09,4.5308838e-07,0.99952763,0.00047192004
2.8443537e-11,2.0388498e-10,0.99999493,5.029521e-06
4.402503e-07,4.1878855e-07,0.9999682,3.090817e-05
3.017308e-10,3.2300836e-08,0.99986595,0.0001340806
0.99906564,0.0009311358,2.9172594e-07,2.939816e-06
0.99987495,0.00012488048,2.1249608e-08,1.7311359e-07
0.000943814,0.9952349,0.002648632,0.0011726228
6.960242e-11,1.978347e-09,0.99999905,9.859837e-07
6.6938104e-09,6.1425126e-10,9.840624e-13,1.0
0.00037606325,8.586962e-05,9.873282e-07,0.9995371
0.99986905,0.00012495744,8.694137e-08,5.8827195e-06
0.00012047999,0.99427,0.00028335126,0.0053261886
1.3638524e-09,1.15577965e-08,3.0978964e-07,0.99999964
0.98417485,0.002861521,4.7336607e-06,0.012958967
0.9997701,0.00022963976,2.1131669e-08,2.167396e-07
1.7370755e-06,0.003819062,0.046505723,0.94967353
1.4980333e-07,0.00068624783,4.458529e-07,0.99931306
2.2514248e-08,0.00026868662,0.9993546,0.0003767681
1.5819276e-09,8.352889e-09,0.99999136,8.5783795e-06
8.6874325e-06,0.0018786539,7.0147655e-07,0.99811196
2.1449578e-09,0.9998796,3.61062e-05,8.427263e-05
1.7695711e-05,6.600748e-06,8.8035607e-10,0.99997574
1.2378003e-06,9.0273466e-07,0.0018154889,0.99818224
0.99987435,0.00012429875,1.5602868e-08,1.3872016e-06
0.0005247686,0.9993283,3.6633387e-06,0.00014315582
3.607729e-07,5.56567e-06,0.999658,0.00033614814
0.99821705,0.0017806044,5.492003e-07,1.7263739e-06
0.005036902,0.9949235,1.7177961e-06,3.7864716e-05
0.99996835,3.1444015e-05,3.5246936e-09,8.9258805e-08
0.056342307,0.9430289,1.1015067e-05,0.00061774824
3.018291e-07,2.942315e-06,0.9996991,0.00029766292
0.9834773,0.016519515,1.9855154e-06,1.1692241e-06
0.9962144,0.0037288629,1.194457e-07,5.658277e-05
3.7453776e-11,1.603324e-10,6.908646e-11,1.0
8.398619e-05,0.003083688,2.1600954e-07,0.9968321
6.8903044e-10,5.285473e-07,0.99999523,4.223774e-06
4.0270422e-11,1.6144136e-07,0.99998206,1.7885495e-05
0.9998323,0.00016701136,3.562674e-08,6.6690757e-07
9.5562065e-11,2.5507934e-09,0.99988043,0.000119496355
1.5501362e-08,3.862276e-09,3.9123486e-11,1.0
2.6257489e-08,8.453556e-06,1.6311467e-10,0.9999916
4.174615e-07,0.77562505,0.22359106,0.00078346475
0.9961272,0.0038687368,1.262691e-07,4.008469e-06
0.9976632,0.0022503422,4.4425113e-07,8.5903775e-05
5.892498e-07,1.3723862e-08,6.268461e-12,0.99999946
0.99948364,0.0005145109,1.0025323e-06,9.328378e-07
9.794584e-08,3.7568037e-07,1.1658319e-11,0.9999995
0.9993996,0.00060006033,1.2231128e-07,1.9751575e-07
0.00014755338,0.109206386,0.00035063483,0.89029545
0.0010243182,0.9972311,0.0011084498,0.00063601305
2.8136357e-05,0.008030468,4.7057224e-06,0.99193674
6.766027e-07,0.00022830488,0.9679545,0.031816475
1.5971394e-11,3.7817755e-13,1.6221922e-18,1.0
4.224105e-11,3.8291508e-09,0.9999997,2.3858144e-07
0.9743503,0.025640765,3.5871358e-06,5.38853e-06
0.00202115,0.99793214,5.0901617e-06,4.1538053e-05
1.632947e-05,0.0011018651,1.547203e-08,0.9988819
1.4448271e-09,4.570101e-05,0.999053,0.00090126344
3.7615646e-07,5.5241145e-07,7.473662e-11,0.99999905
0.99920475,0.00078895583,4.8060707e-07,5.9436793e-06
0.010366447,0.0077630477,4.0105306e-06,0.9818666
0.9914577,0.0085414415,2.3423007e-07,6.324634e-07
1.0878528e-05,0.9880636,0.0036441293,0.008281428
3.2494077e-05,0.99990344,2.6263615e-05,3.7740123e-05
0.82867724,0.17127255,2.4361836e-05,2.5894757e-05
1.1552827e-06,1.353807e-05,0.996827,0.003158176
1.1951019e-09,5.891076e-09,0.99999356,6.422888e-06
0.99995315,4.6493045e-05,8.773677e-09,3.8607217e-07
0.981976,0.017165894,4.981311e-07,0.00085769774
4.0893438e-11,1.7230125e-09,0.9999351,6.4922344e-05
2.5764558e-08,6.778945e-07,0.0001302318,0.99986905
0.18484733,0.8147104,2.3129178e-05,0.00041922153
2.2287619e-05,0.9999681,1.3800773e-06,8.195655e-06
7.486139e-09,1.12142144e-08,4.2544347e-11,1.0
0.97904605,0.0053484067,1.3527861e-07,0.015605371
1.8525332e-08,1.720118e-05,0.99913836,0.0008444052
0.7947031,0.20494159,7.108181e-06,0.00034826004
0.9982437,0.0013769867,1.4817877e-08,0.00037935737
0.0019638422,0.9978246,1.2333397e-05,0.00019917874
1.84077e-07,4.7224847e-05,2.4826957e-07,0.99995226
0.8690629,0.03909729,6.1706605e-06,0.09183359
5.0031733e-05,0.9979754,7.232299e-05,0.0019022697
0.00048598702,0.9994194,9.231383e-05,2.3398818e-06
8.89537e-09,0.9998656,0.000111193294,2.3212864e-05
8.0516654e-10,3.5979142e-06,1.5519083e-08,0.9999964
3.0209667e-05,0.9998914,4.3689673e-05,3.4741977e-05
0.9960948,0.003904209,1.12483676e-07,8.3386897e-07
8.1887094e-08,0.99610275,0.0029693313,0.0009277117
2.1863302e-06,0.0018720867,1.0355684e-07,0.99812555
2.8029976e-07,4.4629494e-05,2.2697494e-08,0.9999551
0.0013796662,0.99846786,6.945553e-06,0.00014548998
0.072885156,0.0009952737,5.224727e-07,0.9261189
0.9947868,0.0011674978,4.5288743e-07,0.0040452057
0.00012158738,0.49247864,0.00021179771,0.5071881
0.71053994,0.28942645,4.5261395e-06,2.9060415e-05
3.3587003e-10,4.1528087e-10,0.99999964,3.8406088e-07
0.99704856,0.0028471497,3.805959e-07,0.000103996026
9.204446e-07,1.1038703e-06,2.5411623e-10,0.9999979
1.4074418e-06,0.00012375112,0.91946197,0.08041288
0.1152856,0.03143067,3.1807792e-06,0.8532805
4.2609427e-06,3.3259216e-06,2.7445264e-09,0.9999923
0.9998696,0.00013020013,4.356942e-09,1.3963846e-07
0.9973664,0.0026331039,1.2483088e-07,3.5373685e-07
6.494856e-10,4.3210684e-06,0.99463207,0.0053636464
7.86314e-06,0.9997462,0.00019560961,5.0267037e-05
0.00040630737,0.99939066,3.508827e-05,0.00016798047
0.55423033,0.4441514,0.00028819215,0.0013300971
4.3887027e-09,1.9216474e-08,4.839464e-10,1.0
0.97556514,0.024417048,8.715931e-06,9.106609e-06
0.00037289836,0.9959053,5.2626306e-06,0.0037165347
7.649402e-12,7.318363e-08,1.0757958e-08,0.99999994
0.0005564747,0.9994209,8.294628e-06,1.4466488e-05
0.96379703,0.03620055,1.3276771e-06,1.0887646e-06
0.99875516,0.001244434,2.2673134e-08,3.8521637e-07
2.6291612e-12,2.9202204e-15,3.4837364e-20,1.0
0.9775986,0.022379661,2.676715e-06,1.8965491e-05
0.97540087,0.021734554,2.9828425e-05,0.0028346542
0.1253564,0.8683753,0.0019224742,0.004345842
0.0004146695,0.9994758,2.6113987e-05,8.33586e-05
0.006638215,0.99325174,2.2150205e-05,8.7829954e-05
1.05033496e-10,1.0258907e-06,0.99980944,0.00018953891
1.7693472e-10,1.9029642e-09,0.9995027,0.0004972834
2.6699106e-06,0.12639627,9.28314e-06,0.8735918
0.06116469,3.32723e-05,6.154835e-11,0.9388021
1.2885638e-08,2.8272984e-08,0.99998605,1.3885563e-05
6.141576e-06,0.9992717,9.620647e-05,0.00062598364
0.0007448972,0.99921584,1.6531807e-05,2.2764101e-05
0.41940707,0.5805815,3.6646736e-06,7.8183575e-06
1.3989135e-10,1.9595744e-08,4.475975e-07,0.9999995
1.6215662e-08,0.00034579853,3.8325048e-05,0.99961585
0.00026288108,0.0008206542,1.5762458e-07,0.9989162
2.8389296e-10,6.226917e-09,0.9999831,1.6870172e-05
0.14887178,0.0041818772,1.0185106e-07,0.8469462
0.2025365,0.79733354,1.38428695e-05,0.00011612942
0.0042029237,0.9897565,0.0037902128,0.0022503454
6.8584836e-06,0.0024867586,3.4456473e-08,0.9975063
0.9919619,0.0080376435,1.3466604e-07,3.616575e-07
1.13344e-06,0.0028691643,0.8663117,0.1308179
0.9996987,0.00030048285,6.1287096e-08,7.139775e-07
3.0191319e-05,0.9994057,1.7095732e-05,0.0005469878
0.99506557,0.004933705,6.9841235e-08,5.7598146e-07
0.15475813,0.84519327,4.15377e-05,6.9748517e-06
0.0042905607,0.002966672,3.2126127e-06,0.9927396
7.425888e-08,1.2244246e-07,2.0471184e-10,0.9999997
0.9997036,0.00029457352,1.1588325e-08,1.7884855e-06
1.3318734e-08,8.041399e-06,1.7962527e-06,0.9999903
0.000100788806,0.041825246,1.5990707e-05,0.958058
1.0955272e-08,1.3549132e-08,2.513457e-12,1.0
3.80205e-12,6.396639e-10,7.3448864e-13,1.0
3.807166e-08,2.0625657e-09,1.08138784e-11,1.0
9.488267e-10,1.5972373e-07,0.9996448,0.000355022
9.821101e-10,1.01371425e-10,2.2163406e-13,1.0
3.7343074e-07,5.2614738e-05,0.0025146194,0.99743223
2.6984265e-10,2.3145471e-08,0.99999833,1.6122788e-06
0.99980235,0.00019099907,9.08614e-09,6.6240173e-06
0.00070777815,0.9989355,0.00028173692,7.490375e-05
0.99988514,0.000102964965,3.3524046e-09,1.1883907e-05
5.1457617e-05,0.99993247,1.5444e-05,7.293751e-07
1.4179002e-10,8.835949e-09,0.99999344,6.5608833e-06
0.40491098,0.009794217,3.2612254e-06,0.5852915
2.2910895e-05,5.1007864e-05,9.377619e-10,0.9999261
2.3961277e-07,0.99998313,1.6224287e-05,3.640393e-07
0.00043345115,0.9993757,9.634631e-05,9.451082e-05
0.00024505248,0.99974835,2.8902662e-06,3.7396835e-06
0.9999153,8.457737e-05,2.5585016e-09,1.6414537e-08
1.2264949e-08,2.4910069e-08,6.5880466e-09,1.0
0.91457176,0.0848608,3.8861403e-05,0.00052854
0.9996567,0.00034281876,4.7163926e-08,4.7172404e-07
1.4938889e-05,0.03709598,6.284204e-06,0.96288276
0.056817163,0.94287014,0.00022361212,8.916119e-05
1.0614799e-07,0.00044600392,0.9962024,0.0033514353
8.550625e-06,0.7292187,0.25248963,0.018282952
0.47803298,0.4096741,0.00022976988,0.11206311
0.021445507,0.056390915,1.127396e-05,0.9221524
0.99962294,0.0003767733,6.3014156e-08,1.7864288e-07
0.0022294617,0.9948938,0.00018527577,0.002691489
0.81895906,0.18059602,8.365314e-06,0.0004365209
4.04538e-11,6.0035876e-10,0.99999946,6.318557e-07
0.00039139032,0.99936616,0.00017916046,6.3253705e-05
0.99984556,0.00015356373,2.111962e-08,9.2760996e-07
4.949652e-08,0.99997836,1.9425986e-05,2.1299643e-06
5.436596e-06,0.0023799196,0.093998455,0.9036162
3.9653106e-08,0.00013073215,3.1829928e-05,0.9998374
3.1496897e-05,4.287264e-05,2.3279224e-08,0.9999256
5.8859766e-09,5.9936276e-08,0.9995442,0.00045567236
6.604589e-06,0.9977634,0.0021279962,0.00010210465
0.9814705,0.018262599,6.1409816e-07,0.00026624431
7.235088e-12,1.7625433e-10,0.9999979,2.031525e-06
3.1321695e-05,0.99755853,0.001834813,0.0005753746
1.9657379e-10,1.6319371e-10,0.99999994,1.7367086e-07
0.021317592,0.9786088,1.6090522e-05,5.7472662e-05
2.469167e-06,0.40120277,0.5973563,0.0014383398
0.99063885,0.00906265,3.7852021e-06,0.00029466904
9.356501e-06,3.9661143e-07,1.4095639e-12,0.99999034
5.532298e-12,1.9698318e-11,0.9999982,1.8031765e-06
2.4272597e-07,3.281142e-09,1.8261418e-11,0.9999997
0.004266988,0.99571145,1.4877938e-05,6.6278276e-06
1.15941674e-07,4.481457e-08,1.857182e-08,0.99999994
6.575766e-10,1.1181037e-06,0.9998086,0.00019031724
0.9999366,6.32919e-05,4.591783e-09,9.656352e-08
8.267318e-08,2.756685e-07,0.9997805,0.00021916015
0.9987655,0.0012323852,1.093432e-07,1.969786e-06
7.1320954e-08,1.8546581e-08,3.2717633e-12,0.99999994
2.073796e-09,3.1643353e-08,0.9994089,0.0005911013
1.0773308e-06,0.9999427,5.2034625e-06,5.0894847e-05
0.99923885,0.0007594796,6.122996e-08,1.5698304e-06
0.9996471,0.00035283176,1.505625e-08,1.1954862e-07
0.85899633,0.1409958,8.097713e-07,7.0549495e-06
1.5412777e-05,4.2107567e-07,6.0111235e-11,0.9999842
0.034921408,0.96464515,1.6179618e-05,0.00041731543
0.99790615,0.00040489528,5.8884726e-08,0.0016888893
8.481075e-06,0.0012012732,0.00052096567,0.9982694
5.6468718e-08,2.278984e-07,0.9998191,0.00018075256
1.8344577e-05,0.9117206,0.00042479957,0.08783631
0.99912226,0.0008774202,7.730941e-08,2.0490886e-07
0.99828655,0.0016985422,4.1646658e-07,1.4571649e-05
0.99787617,0.0021230076,5.2994967e-08,8.934352e-07
0.97297287,0.026890555,1.5709185e-05,0.000120845005
0.9955506,0.004444484,5.702475e-07,4.2553015e-06
7.46211e-11,8.466128e-09,0.9999936,6.313097e-06
4.0746427e-06,0.997563,0.00012943786,0.002303467
1.212148e-06,1.0401343e-05,5.994162e-09,0.9999884
1.3118299e-08,2.0319957e-08,1.2176392e-09,1.0
0.00018685966,0.9991085,1.3886688e-05,0.0006907771
8.318273e-10,8.3969965e-08,0.99998707,1.2846945e-05
1.9638615e-05,0.00032679533,0.40105549,0.598598
6.5993945e-08,1.825181e-07,0.99983555,0.00016421053
0.7740276,0.22596085,3.8487724e-06,7.600792e-06
0.28326386,0.7167007,2.4992918e-05,1.041669e-05
2.443981e-09,0.0012389554,1.7342294e-05,0.9987437
0.99835074,0.0004550305,3.012963e-08,0.0011942886
5.315986e-07,0.00010481408,0.9960571,0.0038376509
0.9999647,3.4787994e-05,4.1248183e-09,4.7721267e-07
0.99984276,0.00015343007,1.165249e-08,3.8114752e-06
0.0038380995,0.6469272,5.8531918e-05,0.34917623
0.9998873,0.00010991368,3.3836638e-09,2.8440302e-06
2.4023912e-08,2.5476598e-07,0.9978001,0.002199724
3.6911918e-09,4.9427484e-07,8.271048e-10,0.9999995
0.99830335,0.001695341,3.644052e-08,1.2304408e-06
9.9235675e-11,4.2134e-07,0.99998754,1.1930375e-05
1.02753695e-07,8.504056e-05,3.4150987e-06,0.9999114
2.36233e-10,9.244769e-08,0.99995774,4.2183492e-05
0.999602,0.00039787433,2.0217858e-08,1.0239625e-07
0.0014882954,0.96469307,0.00032230344,0.033496376
2.489998e-06,0.9897658,0.0058167246,0.0044148793
0.9994481,0.0005510553,3.3776494e-08,7.8498596e-07
0.00030023194,0.0015020841,6.000093e-07,0.9981971
0.2815988,0.6967061,0.017272567,0.004422532
1.2092414e-07,0.0004334943,0.007138779,0.9924277
0.9986946,0.0010974674,8.168691e-07,0.00020710699
0.46602026,0.034093022,1.5699052e-06,0.49988517
6.779349e-08,0.9731222,0.009242325,0.017635442
7.510778e-10,5.078692e-07,0.99984396,0.00015545599
0.9999292,5.9800426e-05,2.3943539e-08,1.1051316e-05
2.4827863e-12,1.0879146e-08,0.9999997,1.9775943e-07
2.3870592e-07,7.4556095e-07,0.99999046,8.575059e-06
8.899668e-08,1.4094494e-05,0.0012034173,0.99878246
0.00015505873,0.9996137,8.806509e-06,0.00022250337
2.322289e-07,1.2244061e-05,0.9520392,0.047948357
1.5782442e-06,1.6295277e-05,0.99964744,0.00033471614
0.9998617,0.00013829352,3.189944e-08,6.0747527e-09
2.1537219e-06,1.4598975e-08,7.202267e-11,0.99999785
1.0152981e-08,6.5237296e-06,3.5940197e-09,0.99999344
5.5686196e-05,0.00024483894,2.4832556e-08,0.9996996
4.2888434e-10,2.2151374e-08,0.9999868,1.3171648e-05
0.999963,3.7093057e-05,1.8754673e-09,2.0236376e-08
0.836793,0.16177204,6.1597657e-06,0.0014287316
3.3939525e-06,1.0381612e-07,2.3620718e-11,0.99999654
0.9998856,0.000113759415,1.36416025e-08,6.684083e-07
8.903823e-09,2.6561975e-07,0.999814,0.00018574885
0.9382833,0.06170844,1.9895147e-06,6.117387e-06
1.3787662e-09,1.4810713e-06,0.99996054,3.794037e-05
0.9993638,0.0006361841,1.4293494e-08,7.1030705e-08
1.3678156e-06,0.002172108,0.03527715,0.96254945
0.99877584,0.0012233987,1.2706214e-07,6.503134e-07
0.05056752,0.94858927,3.3184268e-05,0.0008100011
1.0418766e-07,6.0322545e-06,0.7660532,0.2339407
0.3390196,0.6604666,1.500605e-06,0.0005124349
2.5213633e-06,0.4655754,0.53219956,0.0022224637
5.4139236e-06,0.0016337865,0.9464778,0.051882975
5.401608e-08,2.5404238e-06,0.99427843,0.0057190075
0.9122766,0.08753554,3.027258e-06,0.00018475631
0.99961275,0.00022572189,1.9178447e-06,0.0001595968
3.7913185e-06,0.0026951698,0.88118184,0.116119206
7.786302e-06,0.99701667,4.9510054e-05,0.0029260158
1.1241299e-09,2.2502108e-07,1.5422429e-06,0.9999982
0.9994389,0.0005570566,2.9058307e-07,3.921641e-06
0.44536027,0.5389308,4.61326e-05,0.015662804
1.5401295e-06,0.9999231,6.740299e-05,8.037742e-06
3.7748557e-10,3.5409363e-07,4.0069466e-05,0.9999596
5.4943944e-10,9.633559e-08,0.9999984,1.4271839e-06
0.9698408,0.028352002,5.7902243e-06,0.0018013403
0.9996471,0.00025961708,9.054104e-08,9.3198054e-05
8.62033e-11,6.2030636e-10,0.9999977,2.3758114e-06
0.9992309,0.00076856185,1.5938795e-08,5.8304664e-07
1.5692936e-09,8.65904e-07,0.99998814,1.1085526e-05
1.2724149e-05,0.008245745,0.00018043738,0.99156106
2.8082782e-06,0.99376416,0.0049058213,0.0013272626
0.99524796,0.0044728946,1.6984536e-06,0.00027740898
0.99705565,0.002942729,2.0869322e-07,1.4252292e-06
7.13774e-05,0.017781863,0.006684926,0.9754619
0.0015787863,0.4591358,0.00621816,0.53306717
1.5160758e-17,9.968235e-16,5.187148e-13,1.0
0.99963826,0.000361755,1.0690028e-08,7.239879e-08
0.9998371,0.0001465546,1.3079544e-07,1.6187474e-05
9.537079e-09,2.913467e-07,9.517894e-08,0.99999964
5.731781e-09,0.0003163539,3.9944356e-05,0.9996437
0.9990385,0.0009599605,1.4436841e-07,1.3297895e-06
5.4288882e-11,1.8636073e-09,0.999999,1.0447256e-06
5.8430437e-06,0.99515706,0.0016179023,0.0032191928
0.9996954,0.0003043202,2.7907268e-08,1.7077008e-07
0.098055,0.8926902,0.00037944008,0.008875352
1.9355388e-10,7.077092e-08,0.9999896,1.0262121e-05
1.8640767e-05,8.809122e-06,3.2072078e-09,0.9999726
2.8143953e-05,0.84648365,0.112657964,0.040830288
0.00055516144,7.542207e-05,2.459122e-09,0.99936944
7.2753087e-10,1.5004782e-09,2.0396933e-14,1.0
0.99676156,0.0031957298,1.1397839e-05,3.1215204e-05
0.99958247,0.00040127148,1.3301224e-07,1.6203474e-05
1.3219574e-08,5.170059e-06,0.00010454624,0.9998904
9.227295e-06,0.9973969,0.0006901762,0.0019038641
4.2998813e-06,6.130864e-05,6.1249935e-08,0.9999343
0.9997685,0.00023089652,1.8140149e-08,5.10522e-07
2.16257e-06,0.8662399,0.048795413,0.084962614
0.005757939,0.9833699,0.0007818451,0.010090418
0.4143939,0.5538474,0.012122107,0.019636745
0.9999171,7.609136e-05,1.740752e-08,6.7255014e-06
0.99515486,0.00483952,4.571936e-07,5.1649877e-06
1.4169615e-07,1.1526762e-07,2.0041473e-12,0.9999997
0.9997236,0.00027555955,2.5801981e-08,7.9328373e-07
7.566142e-08,0.75552607,0.20827703,0.03619675
3.507457e-06,1.7836388e-05,3.7088264e-06,0.99997485
0.99993426,6.477892e-05,2.8955387e-08,9.950967e-07
0.9944416,0.005554726,1.09717774e-07,3.609066e-06
1.9451857e-06,0.009462037,4.48798e-06,0.99053156
0.007846863,0.06623522,9.64829e-06,0.9259083
0.99630743,0.0035457013,2.6527964e-06,0.0001441954
1.5846735e-08,3.4402494e-06,0.9968478,0.0031487674
0.18306726,0.8096677,0.0039966535,0.0032683213
2.0327633e-08,1.2536923e-06,0.0015154121,0.9984833
6.918369e-06,4.5578243e-08,9.078373e-14,0.9999931
3.7055983e-08,3.319207e-08,1.1318769e-10,1.0
1.767477e-08,4.8812242e-05,0.999908,4.3230037e-05
3.5657897e-05,1.44788255e-05,1.4483459e-08,0.99994993
2.8868861e-08,3.424557e-06,0.9938444,0.006152216
0.0039154696,0.20733245,0.0030383964,0.7857137
0.95638186,0.00022785226,2.2945987e-09,0.043390248
0.9985771,0.0014123046,1.905136e-07,1.032105e-05
0.99937546,0.00058730284,1.318517e-07,3.725671e-05
5.501417e-11,1.1938812e-08,0.9999596,4.0389277e-05
4.9922113e-07,3.4931506e-07,3.4678696e-10,0.99999917
3.008081e-09,6.793869e-09,0.9999792,2.0709189e-05
2.2358245e-06,0.07060502,0.0005570357,0.9288358
1.9445622e-08,1.7127068e-10,1.2179985e-14,1.0
3.216667e-05,0.0008548641,9.643483e-07,0.99911207
1.5637944e-07,1.141175e-05,0.95988,0.04010851
4.632544e-05,0.0001240993,2.0892883e-05,0.9998087
1.7276444e-07,2.3297789e-08,1.6672878e-07,0.99999964
1.3385739e-08,1.0805577e-06,0.99949765,0.00050126424
0.00022618756,0.9997553,1.6684062e-05,1.7513357e-06
7.8002687e-13,1.6308978e-10,0.99999994,1.1299523e-07
0.010346979,0.0016715891,3.5566023e-07,0.987981
1.2366289e-11,1.1726908e-09,2.3195408e-12,1.0
3.1321659e-09,8.326936e-07,0.9999903,8.950115e-06
0.932049,0.039556056,5.553562e-07,0.028394395
0.9910475,0.008899954,3.1382522e-06,4.9436116e-05
0.99989516,0.00010409654,3.7911065e-09,7.6675207e-07
0.9994886,0.00051090075,5.682635e-08,4.558244e-07
0.0010185753,0.9828009,0.002743916,0.013436721
0.0015884473,0.8520963,0.13765614,0.008659054
0.99991226,8.7677894e-05,3.8667647e-09,4.7398217e-08
0.0074702217,0.9925247,1.4742016e-06,3.6253102e-06
1.3106295e-08,3.644365e-06,3.0534122e-09,0.99999624
3.0273462e-05,0.9994373,0.00017078486,0.00036165013
4.638344e-05,1.374394e-06,2.601109e-12,0.9999522
0.005967444,0.00032490192,1.3736642e-08,0.9937076
1.8588689e-06,0.98838276,0.0019386495,0.009676824
0.0048825773,0.9163317,0.00033022714,0.078455515
3.4049847e-08,2.03536e-05,3.3514116e-10,0.9999796
3.078601e-06,4.9303055e-09,1.7123182e-10,0.9999969
0.15410817,0.0011010421,4.465203e-08,0.84479076
0.99990445,9.50811e-05,1.4902794e-08,3.7628993e-07
1.9047404e-05,0.99862,7.799873e-06,0.0013531264
0.9999475,5.2338288e-05,1.5760037e-09,6.250243e-08
0.23070017,0.00059704354,6.091925e-07,0.76870215
0.9859121,0.008208719,4.4685326e-05,0.005834581
0.99993557,6.433926e-05,6.7340977e-09,1.4017843e-07
7.744264e-09,1.2910301e-06,0.99986,0.00013870998
0.9846383,0.004923602,3.8057651e-06,0.0104343295
0.00045590338,0.99918884,0.00019934426,0.00015594615
0.98911285,0.010877581,1.1940112e-06,8.487313e-06
4.954387e-05,0.9924077,0.005661807,0.0018808696
0.002175198,4.1289095e-06,9.58679e-10,0.9978206
0.97844154,0.02155622,6.408513e-07,1.647363e-06
0.016069354,0.003589309,6.1240007e-06,0.98033524
0.0041812174,0.99573314,6.542679e-05,2.0213147e-05
0.99990994,8.9859204e-05,6.714321e-09,2.0489652e-07
0.00022892715,0.95307285,0.014217114,0.032481108
0.0031882522,0.024336776,0.00013379398,0.9723412
1.3827352e-07,0.99924105,0.00016981429,0.0005889431
0.005275837,0.99468184,6.301638e-06,3.6010675e-05
3.0895362e-06,1.0776854e-06,2.498829e-07,0.9999956
0.16744131,0.83247334,3.267819e-06,8.208542e-05
0.9997306,0.00026539605,1.7691635e-08,3.9670927e-06
0.9851706,0.014814545,2.9117548e-06,1.1921515e-05
1.7067393e-10,1.3607974e-08,0.99998623,1.3665699e-05
0.24208824,0.7567961,3.4010045e-05,0.0010816403
0.8514028,0.13123459,4.6359113e-05,0.017316176
1.2551446e-08,2.155835e-09,0.999999,1.069573e-06
0.7306531,0.26922014,4.486379e-06,0.00012213267
0.9985014,0.0014952437,1.23959e-06,2.1235146e-06
5.9879945e-08,5.173294e-06,0.99862295,0.0013718074
3.2472222e-10,8.960483e-10,0.99999297,7.0855076e-06
0.014862454,0.0040466175,4.0630537e-05,0.9810503
5.0337434e-10,1.3417717e-08,0.99997777,2.2284748e-05
4.262787e-10,1.3458592e-07,0.9999001,9.981134e-05
1.291657e-08,0.0001424827,2.215102e-06,0.9998553
0.00013067857,0.996202,0.0034593795,0.00020800465
4.6880157e-08,1.014267e-05,0.9856239,0.014366002
3.7454723e-10,1.4656875e-07,4.8400498e-08,0.99999994
3.2420007e-09,8.165392e-08,0.9999753,2.4575278e-05
0.9518614,0.047808416,0.00016144775,0.00016876584
0.0035749013,0.0009530252,1.358906e-07,0.99547195
3.0437891e-07,0.0022749605,0.00014219493,0.99758255
9.940536e-12,5.125897e-12,2.3690019e-15,1.0
0.00022321792,1.6526565e-06,1.1708352e-10,0.9997751
1.2588176e-08,1.2287656e-07,0.9999951,4.7839176e-06
0.8218413,0.09307119,0.00010984076,0.084977746
0.5232347,0.004776271,1.5515028e-06,0.4719874
0.99819475,0.0017792371,1.255956e-07,2.5878537e-05
6.1941168e-09,9.220829e-06,2.1250441e-06,0.9999887
1.3273288e-08,2.890665e-07,0.9998883,0.00011137351
2.4367457e-05,0.9978026,0.00041017967,0.0017629538
0.992612,0.0073861284,4.609891e-07,1.3165086e-06
4.5074383e-05,0.9895754,0.00010065116,0.010278847
0.97411865,0.02545585,1.413528e-05,0.00041135895
0.00035410564,0.998934,0.00010905302,0.00060295145
0.16064571,0.009519252,1.6488602e-05,0.8298185
5.683825e-09,6.861391e-07,0.9997644,0.0002349676
0.99960554,0.00039415003,7.860309e-09,3.057224e-07
0.9999604,3.9196988e-05,2.437037e-08,3.5531173e-07
0.00010368636,0.0010606446,6.5787084e-08,0.9988356
0.99732864,0.0026253674,1.2060868e-07,4.5834397e-05
0.9999549,4.491613e-05,9.0490415e-09,1.1743472e-07
2.706642e-07,0.00015687112,0.9753438,0.024499113
6.0041594e-10,4.755784e-09,0.99999785,2.1905628e-06
1.1082439e-09,1.0713258e-08,1.7147115e-09,1.0
1.0742063e-09,5.7557406e-07,0.9998853,0.00011413029
0.815561,0.17796078,5.864056e-06,0.0064722793
0.001184013,0.99850863,0.00027946982,2.7806067e-05
0.98345,0.016535759,2.6100777e-06,1.1712939e-05
2.6987019e-08,0.00015285013,0.99592537,0.003921718
4.1381027e-06,4.978851e-07,3.777847e-09,0.9999953
0.99870676,0.0011403167,3.8110752e-08,0.00015301522
0.99555737,0.0044412217,1.0484886e-06,4.2248675e-07
0.02270673,0.96994054,2.1232789e-05,0.007331511
0.0021059911,0.99773735,0.00010122189,5.5512963e-05
0.064185165,0.92388093,8.341761e-05,0.0118504595
0.00016497969,4.4802844e-05,4.5114974e-09,0.9997902
3.9575582e-08,6.740776e-10,2.8013938e-15,1.0
6.1349603e-10,4.6602093e-08,1.4308162e-09,1.0
8.491843e-07,6.754262e-05,1.6548378e-06,0.99992996
0.0005240299,0.3298444,0.0016468441,0.6679848
9.744994e-05,0.97384405,0.023764292,0.0022942526
1.1704062e-07,1.4058891e-07,1.8775599e-10,0.9999997
0.9954087,0.004576638,5.25007e-07,1.413059e-05
1.7981441e-05,0.9999599,7.224354e-06,1.4996344e-05
0.9266007,0.07158372,4.2377887e-05,0.0017731348
0.00010824587,0.9994659,0.000118016134,0.0003078281
8.0352155e-11,1.1522655e-10,6.405258e-14,1.0
2.0940226e-06,0.002506302,0.9902079,0.0072836545
0.30414897,0.6957288,9.977093e-06,0.00011227325
1.937257e-09,0.9997534,0.00023900539,7.599966e-06
0.019662011,0.9802494,3.2161734e-05,5.647963e-05
8.685109e-07,0.0062946207,0.9905053,0.0031992353
0.0050578313,0.00020917253,3.233654e-07,0.9947327
3.8946845e-07,0.82628924,0.032005828,0.14170453
0.00027552515,0.0004836747,1.706528e-06,0.9992392
0.9997569,0.00024280018,3.6583774e-08,3.4375714e-07
0.98043936,0.019273987,1.4715911e-07,0.00028649127
0.9869609,0.01250125,3.1203137e-06,0.00053465023
0.7958677,0.20408322,2.0830093e-05,2.8176879e-05
0.9537501,0.043584198,1.1069501e-05,0.0026547543
1.33137e-07,1.2372851e-05,0.99702585,0.0029615755
0.61471486,0.38514185,2.5635578e-05,0.000117576215
0.0021057974,0.55245715,0.00038849493,0.44504845
2.6816858e-07,0.99693304,0.0030029737,6.35738e-05
1.5599649e-07,6.482505e-06,2.2102377e-08,0.99999344
0.0007029825,0.99928606,5.905361e-06,5.0465637e-06
0.13798767,0.85971785,0.001750376,0.0005441138
4.0595236e-08,0.00020106375,7.962064e-05,0.99971926
0.40436518,0.47441134,0.00011023553,0.121113226
0.9894139,0.010244115,6.908512e-06,0.00033502586
3.5002275e-05,8.876502e-06,6.751391e-10,0.99995613
0.9969789,0.003020359,3.661058e-08,7.866294e-07
0.032389246,0.9362494,0.00014845702,0.031212896
0.67945313,0.3203819,3.9904266e-05,0.00012496935
0.000405039,0.103905894,0.0064759995,0.889213
0.9996215,0.00037809834,1.8853564e-08,3.6860138e-07
0.9972211,0.0027401226,1.935613e-06,3.6927064e-05
0.99680835,0.0027851157,2.2516168e-07,0.0004062208
0.00012184497,0.9387651,0.032647226,0.028465811
8.47733e-06,0.00038861553,4.936376e-07,0.99960244
0.043381594,0.9566164,7.251609e-07,1.316638e-06
0.6345786,0.23736843,7.020261e-05,0.12798275
0.00021579367,0.9995442,2.3731405e-05,0.00021622007
0.9991952,0.00080358767,6.400514e-08,1.0996359e-06
0.0019489989,0.06991667,6.8268473e-06,0.92812765
0.052129973,0.9457314,0.00056658685,0.0015720717
0.0052336594,0.99473804,1.5273436e-05,1.3027731e-05
2.7533321e-11,1.3958504e-11,2.875886e-14,1.0
0.9997997,0.00019968789,1.833862e-08,5.822443e-07
7.6996326e-10,0.00039769945,0.001429672,0.99817264
7.5271195e-08,2.539979e-07,0.9997144,0.00028529513
4.0603945e-10,7.1570154e-09,0.999994,5.935489e-06
0.0006988524,0.99126303,7.572354e-05,0.0079623535
0.015535499,0.982798,7.4984295e-05,0.0015915437
1.5051096e-06,7.459059e-07,1.9684507e-10,0.99999774
2.6157113e-12,1.9044011e-10,0.99999475,5.2460246e-06
3.8054565e-10,5.4555223e-08,5.8244694e-11,1.0
0.9949133,0.0050854385,1.8951332e-07,1.1253802e-06
1.4571498e-05,0.9993418,9.054602e-05,0.00055317563
1.5904858e-10,3.0566258e-07,2.0191305e-08,0.99999964
5.5038794e-07,0.0017091429,0.99753386,0.00075647753
0.95748717,0.04240986,1.655608e-06,0.00010112598
0.99932057,0.00067874073,3.574947e-08,6.707947e-07
0.9962355,0.0035703832,2.8201555e-07,0.00019389091
0.017851261,0.07656377,3.4253524e-05,0.9055507
6.1027267e-06,0.99991626,6.5684624e-05,1.191006e-05
0.0006299361,0.9973278,0.0019943232,4.796903e-05
2.0010118e-06,8.343606e-05,0.99719626,0.0027183192
1.8265105e-06,0.99656326,0.0032877172,0.000147122
1.01819205e-05,9.322664e-06,1.6475317e-07,0.9999804
1.2712674e-07,4.307641e-05,0.997945,0.0020117394
0.9978805,0.0021183318,3.2797627e-07,8.0006845e-07
0.99951905,0.00048004367,4.2207613e-08,8.4249314e-07
1.4530525e-08,2.6817783e-05,0.999748,0.00022517126
0.01727794,0.004255251,4.1071526e-06,0.9784628
8.992466e-06,0.9496815,0.018088803,0.032220718
0.0029745393,0.8773354,0.00909717,0.11059286
0.99996966,3.014359e-05,1.8531613e-09,1.4121078e-07
3.7246897e-07,0.98856497,0.00083444983,0.010600289
0.9999635,3.6396992e-05,1.0629967e-08,5.6452027e-08
0.99992704,7.2836716e-05,8.865e-09,1.1999293e-07
1.0410091e-06,1.23756e-07,3.4020974e-11,0.99999875
1.1339481e-06,3.6186125e-06,7.7438095e-08,0.99999523
0.9996496,0.00035045863,2.6365585e-08,3.2987707e-08
1.7868582e-05,0.0003597856,3.1248715e-07,0.999622
0.97140265,0.028521987,2.4718836e-06,7.290788e-05
1.3798362e-10,2.2997997e-09,6.1942164e-15,1.0
8.860348e-06,0.99593735,0.0010781018,0.0029757638
1.6164888e-05,0.91231924,0.01520922,0.07245529
0.005886348,0.0015096372,0.0002830755,0.992321
3.5979316e-08,0.056852285,0.775119,0.16802873
0.07524747,0.916243,0.000101363126,0.008408141
1.4015785e-07,1.1408562e-05,5.459985e-09,0.9999884
1.678815e-06,0.99725497,0.0002616625,0.0024817039
0.33496362,0.665028,6.010757e-07,7.86422e-06
0.6598484,0.213955,2.0525074e-05,0.1261761
5.4440825e-06,0.00044880592,8.205736e-08,0.9995457
0.0003119469,0.99812555,0.00019195722,0.0013705147
6.375692e-05,0.019309804,2.7096223e-05,0.98059934
1.2317399e-07,1.232992e-08,4.069201e-14,0.99999994
1.1936929e-07,7.205409e-05,0.0065925736,0.9933353
1.2029313e-05,0.9821788,0.016970742,0.00083837716
5.4991626e-05,0.9530986,0.004755622,0.04209078
0.9986409,0.0013584981,6.8763825e-08,5.0129404e-07
0.89633834,0.103608996,1.6343225e-05,3.6330264e-05
0.0014410954,0.99846,6.892767e-05,2.982982e-05
2.53888e-05,0.00040077837,0.0003304735,0.99924344
0.9991605,0.0008392343,2.474315e-08,2.8598555e-07
0.9999405,5.952078e-05,2.3229891e-09,1.5426298e-08
0.99974316,0.00025642314,2.1941881e-08,3.6195146e-07
3.3715972e-07,1.4171304e-05,1.2017766e-07,0.9999853
7.190631e-10,1.710545e-07,0.9999634,3.64264e-05
0.0030456404,0.91501886,0.070657365,0.011278143
0.7260065,0.2725299,0.00010096458,0.0013625852
0.00084824424,3.508834e-05,2.0454735e-08,0.99911666
0.048491362,4.352727e-05,1.4296949e-09,0.95146513
0.00011806769,0.9992852,2.3287907e-06,0.0005943017
0.053743117,0.0029990228,3.697467e-07,0.9432576
0.0021440983,0.99736243,1.9270125e-05,0.0004741615
0.12296522,0.87175316,0.0021331448,0.0031484945
0.00016613114,0.99674493,1.0316886e-05,0.0030786924
9.7524695e-05,0.99892724,4.4950153e-05,0.0009303307
3.7496507e-06,0.77273417,0.13589592,0.09136604
0.016914409,0.98294073,7.3571955e-06,0.00013750326
0.97982264,0.019942556,1.2684857e-05,0.000222004
0.0011921874,0.99880123,5.8867377e-06,7.1170626e-07
